Processes; Time
1; 3.0808
2; 3.26171
3; 3.38153
4; 3.38928
5; 3.4697
6; 3.72895
7; 3.77504
8; 3.82197
9; 3.93606
10; 3.95935
11; 4.09475
12; 4.31943
13; 17.7884
