Processes; Time
-1; 9.98969
1; 10.0739
2; 5.21531
3; 3.63319
4; 2.75437
5; 2.31854
6; 2.15099
7; 2.02315
8; 1.8681
9; 1.76116
10; 1.63731
11; 1.63787
12; 1.60273
13; 2.05499
