Processes; Time
-1; 34.2973
1; 34.3881
2; 16.421
3; 11.3744
4; 8.56695
5; 7.04166
6; 6.45038
8; 5.10307
9; 4.76252
10; 4.60378
12; 4.45035