Processes; Time
1; 3.00232
2; 3.23734
3; 3.37389
4; 3.42342
5; 3.48327
6; 3.71582
7; 3.7636
8; 3.82931
9; 3.88158
10; 4.07629
11; 4.64123
12; 4.30711
13; 17.4745
