Processes; Time
1; 0.012061
2; 0.0291915
3; 0.0601687
4; 0.105463
5; 0.168901
6; 0.263032
7; 0.392873
8; 0.568516
9; 0.749282
10; 0.979521
11; 1.24458
12; 1.81963
13; 3.92414
